date,slug,name,category,tvl_usd,rank_by_tvl,share,change_1d_usd,change_1d_pct,in_top500_today
2026-02-20,tether-gold,Tether Gold,Commodities,3664645235.5836287,1,0.38090297250060823,,,True
2026-02-20,blackrock-buidl,BlackRock BUIDL,Treasury,1044358558.8215681,2,0.10855055642193244,,,True
2026-02-20,ondo-usdy,Ondo USDY,Treasury,911481540.9322687,3,0.09473932836645875,,,True
2026-02-20,paxos-gold,Paxos Gold,Commodities,699750580.782024,4,0.07273202700245865,,,True
2026-02-20,ondo-ousg,Ondo OUSG,Treasury,576371790.9948885,5,0.05990804411944347,,,True
2026-02-20,hashnote-usyc,Hashnote USYC,Treasury,478235196.885882,6,0.049707733310571114,,,True
2026-02-20,centrifuge,Centrifuge,Private Credit,438923558.46938884,7,0.0456216843306276,,,True
2026-02-20,franklin-beny,Franklin BENJI,Treasury,333927543.3805582,8,0.03470840577920869,,,True
2026-02-20,maple-cash-management,Maple Cash Management,Private Credit,290335770.92180175,9,0.030177479962738465,,,True
2026-02-20,backed-treasuries,Backed Treasuries,Treasury,234296349.94988528,10,0.024352746420143196,,,True
2026-02-20,spiko-us-t-bills,Spiko US T-Bills,Treasury,186298878.3649692,11,0.019363892541004638,,,True
2026-02-20,superstate-short-duration,Superstate Short Duration,Treasury,158463655.69764322,12,0.016470701420824563,,,True
2026-02-20,matrixdock-stbt,Matrixdock STBT,Treasury,124164874.11010043,13,0.012905688433213082,,,True
2026-02-20,realt,RealT,Real Estate,110180855.01240347,14,0.011452190454719199,,,True
2026-02-20,openeden-tbill,OpenEden T-Bill,Treasury,89002154.14213488,15,0.0092508777500525,,,True
2026-02-20,goldfinch-prime,Goldfinch Prime,Private Credit,81135594.10325545,16,0.008433228043317254,,,True
2026-02-20,midas-mtbill,Midas mTBILL,Treasury,68214118.48830982,17,0.007090170760981691,,,True
2026-02-20,dinari,Dinari,Equities,61124479.97000785,18,0.006353274223397487,,,True
2026-02-20,swarm-markets,Swarm Markets,Equities,40434824.44180965,19,0.004202792857784683,,,True
2026-02-20,propchain,Propchain,Real Estate,29595991.39959157,20,0.003076205300514308,,,True
2026-02-21,tether-gold,Tether Gold,Commodities,3776184004.66392,1,0.3856569910796156,111538769.08029127,3.0436443887460687,True
2026-02-21,blackrock-buidl,BlackRock BUIDL,Treasury,1043856001.7223841,2,0.1066077193927634,-502557.09918403625,-0.048121126115068275,True
2026-02-21,ondo-usdy,Ondo USDY,Treasury,898411772.9234164,3,0.09175368061201886,-13069768.008852363,-1.4339037514116333,True
2026-02-21,paxos-gold,Paxos Gold,Commodities,715397321.8917999,4,0.07306264161027336,15646741.1097759,2.236045462411691,True
2026-02-21,ondo-ousg,Ondo OUSG,Treasury,602764420.3883871,5,0.06155958301018301,26392629.39349854,4.579098041550857,True
2026-02-21,hashnote-usyc,Hashnote USYC,Treasury,485034317.78379256,6,0.04953595358060407,6799120.897910535,1.4217106859102557,True
2026-02-21,centrifuge,Centrifuge,Private Credit,436836297.3779736,7,0.04461354950740628,-2087261.0914152265,-0.47554091165530255,True
2026-02-21,franklin-beny,Franklin BENJI,Treasury,343521242.96696657,8,0.035083398682623446,9593699.586408377,2.8729884002036283,True
2026-02-21,maple-cash-management,Maple Cash Management,Private Credit,283645255.4894653,9,0.028968338309512988,-6690515.43233645,-2.304406174648888,True
2026-02-21,backed-treasuries,Backed Treasuries,Treasury,238813455.2651127,10,0.024389722130361773,4517105.315227419,1.9279452352516817,True
2026-02-21,spiko-us-t-bills,Spiko US T-Bills,Treasury,182806468.96674985,11,0.018669798051295018,-3492409.398219347,-1.8746271737490203,True
2026-02-21,superstate-short-duration,Superstate Short Duration,Treasury,163936137.90950334,12,0.0167425945338749,5472482.21186012,3.4534620495578476,True
2026-02-21,matrixdock-stbt,Matrixdock STBT,Treasury,128961117.04300475,13,0.013170639011140491,4796242.932904318,3.862801752330822,True
2026-02-21,realt,RealT,Real Estate,113878753.40470824,14,0.01163029591029318,3697898.392304763,3.356207747605949,True
2026-02-21,openeden-tbill,OpenEden T-Bill,Treasury,93183803.07622688,15,0.009516746288673366,4181648.934092,4.698368229845292,True
2026-02-21,goldfinch-prime,Goldfinch Prime,Private Credit,82465323.84810814,16,0.008422081292751503,1329729.744852692,1.6388981427318328,True
2026-02-21,midas-mtbill,Midas mTBILL,Treasury,69394318.9810656,17,0.007087155769740799,1180200.4927557856,1.7301410894257063,True
2026-02-21,dinari,Dinari,Equities,61026074.34272997,18,0.00623251731889924,-98405.6272778809,-0.16099217093734935,True
2026-02-21,swarm-markets,Swarm Markets,Equities,40895904.65932626,19,0.004176648044405423,461080.217516616,1.1403047345492086,True
2026-02-21,propchain,Propchain,Real Estate,30549140.655854784,20,0.0031199458635632516,953149.2562632151,3.2205349818974764,True
2026-02-22,tether-gold,Tether Gold,Commodities,3862442951.8778634,1,0.3932113018315449,86258947.21394348,2.2842887716119256,True
2026-02-22,blackrock-buidl,BlackRock BUIDL,Treasury,1034557719.3891808,2,0.10532188895194265,-9298282.333203316,-0.8907629326134023,True
2026-02-22,ondo-usdy,Ondo USDY,Treasury,894552283.3355925,3,0.0910688060041779,-3859489.587823868,-0.4295902729841969,True
2026-02-22,paxos-gold,Paxos Gold,Commodities,696394100.3358912,4,0.07089555345995496,-19003221.55590868,-2.6563171225825215,True
2026-02-22,ondo-ousg,Ondo OUSG,Treasury,590699727.81244,5,0.06013546655795721,-12064692.575947046,-2.0015601730727974,True
2026-02-22,hashnote-usyc,Hashnote USYC,Treasury,482135430.95498854,6,0.04908321050353699,-2898886.828804016,-0.5976663346316486,True
2026-02-22,centrifuge,Centrifuge,Private Credit,431358071.6212311,7,0.04391388326273266,-5478225.756742537,-1.2540683522922753,True
2026-02-22,franklin-beny,Franklin BENJI,Treasury,339987449.32139593,8,0.03461200831174888,-3533793.645570636,-1.028697269213843,True
2026-02-22,maple-cash-management,Maple Cash Management,Private Credit,277284541.0435106,9,0.028228615081155248,-6360714.44595468,-2.2424892794270344,True
2026-02-22,backed-treasuries,Backed Treasuries,Treasury,239138817.9221007,10,0.024345236184754253,325362.6569879949,0.13624134227562756,True
2026-02-22,spiko-us-t-bills,Spiko US T-Bills,Treasury,181864653.7374034,11,0.018514509636565583,-941815.2293464541,-0.5151979766743147,True
2026-02-22,superstate-short-duration,Superstate Short Duration,Treasury,164225251.17961225,12,0.016718751736786754,289113.2701089084,0.17635725337662025,True
2026-02-22,matrixdock-stbt,Matrixdock STBT,Treasury,127188570.60912295,13,0.012948277566919533,-1772546.4338818043,-1.3744812967855358,True
2026-02-22,realt,RealT,Real Estate,115891712.20793658,14,0.011798214652365042,2012958.8032283485,1.7676333319830002,True
2026-02-22,openeden-tbill,OpenEden T-Bill,Treasury,97307101.94513339,15,0.009906231033055959,4123298.868906513,4.424909407843703,True
2026-02-22,goldfinch-prime,Goldfinch Prime,Private Credit,84500939.94661313,16,0.008602515303492727,2035616.0985049903,2.4684509846276312,True
2026-02-22,midas-mtbill,Midas mTBILL,Treasury,69564970.58489025,17,0.007081977128557675,170651.60382464528,0.24591581318235567,True
2026-02-22,dinari,Dinari,Equities,62161321.28220644,18,0.006328257625931202,1135246.9394764677,1.8602653893494452,True
2026-02-22,swarm-markets,Swarm Markets,Equities,41537349.784506224,19,0.004228659319215858,641445.1251799613,1.568482542502408,True
2026-02-22,propchain,Propchain,Real Estate,30024776.833838377,20,0.003056635847603977,-524363.8220164068,-1.7164601385142784,True
2026-02-23,tether-gold,Tether Gold,Commodities,4033217975.1753936,1,0.39920489204456355,170775023.29753017,4.421425129774457,True
2026-02-23,blackrock-buidl,BlackRock BUIDL,Treasury,1050873967.9401035,2,0.10401471765376819,16316248.550922751,1.5771230783098427,True
2026-02-23,ondo-usdy,Ondo USDY,Treasury,917225667.075898,3,0.09078630901163068,22673383.740305543,2.534606882424064,True
2026-02-23,paxos-gold,Paxos Gold,Commodities,708929181.5992229,4,0.07016927900983366,12535081.263331652,1.7999981989057081,True
2026-02-23,ondo-ousg,Ondo OUSG,Treasury,612681964.87749,5,0.06064280164176675,21982237.065050006,3.721389401423568,True
2026-02-23,hashnote-usyc,Hashnote USYC,Treasury,501289500.9949889,6,0.04961725906199631,19154070.04000038,3.9727571985450236,True
2026-02-23,centrifuge,Centrifuge,Private Credit,443522366.37930673,7,0.04389951137766136,12164294.758075655,2.8199993365968434,True
2026-02-23,franklin-beny,Franklin BENJI,Treasury,355191085.7928252,8,0.03515654743479365,15203636.471429288,4.4718228575129055,True
2026-02-23,maple-cash-management,Maple Cash Management,Private Credit,273729366.5255654,9,0.02709352752215508,-3555174.51794523,-1.2821394602692124,True
2026-02-23,backed-treasuries,Backed Treasuries,Treasury,237723251.40039536,10,0.023529669235804327,-1415566.5217053294,-0.5919434301822338,True
2026-02-23,spiko-us-t-bills,Spiko US T-Bills,Treasury,177574015.22091794,11,0.017576142924212643,-4290638.516485453,-2.359248170719726,True
2026-02-23,superstate-short-duration,Superstate Short Duration,Treasury,162554047.9351338,12,0.01608947782063029,-1671203.2444784343,-1.0176286731025599,True
2026-02-23,matrixdock-stbt,Matrixdock STBT,Treasury,126408397.50525528,13,0.012511808434409554,-780173.1038676649,-0.6133987512646084,True
2026-02-23,realt,RealT,Real Estate,115156840.38125695,14,0.011398137743991772,-734871.8266796321,-0.6341021395568837,True
2026-02-23,openeden-tbill,OpenEden T-Bill,Treasury,97073646.74156512,15,0.009608276791971149,-233455.20356826484,-0.23991589401141403,True
2026-02-23,goldfinch-prime,Goldfinch Prime,Private Credit,84873917.71120572,16,0.008400756756973347,372977.76459258795,0.44138889440547247,True
2026-02-23,midas-mtbill,Midas mTBILL,Treasury,69043028.99854486,17,0.006833827258392888,-521941.5863453895,-0.7502936922951233,True
2026-02-23,dinari,Dinari,Equities,63352201.65280342,18,0.006270553433327143,1190880.3705969825,1.9157899897116082,True
2026-02-23,swarm-markets,Swarm Markets,Equities,41523741.84049099,19,0.0041099888428417185,-13607.944015234709,-0.03276074204500785,True
2026-02-23,propchain,Propchain,Real Estate,31183465.07526457,20,0.0030865159992760015,1158688.2414261922,3.8591069230540724,True
2026-02-24,tether-gold,Tether Gold,Commodities,4082030439.6249437,1,0.39882367275271335,48812464.44955015,1.210261006223633,True
2026-02-24,blackrock-buidl,BlackRock BUIDL,Treasury,1069625709.7097913,2,0.10450486842924712,18751741.76968777,1.784394926676551,True
2026-02-24,ondo-usdy,Ondo USDY,Treasury,955140764.2315464,3,0.09331942846111134,37915097.15564835,4.133671627018585,True
2026-02-24,paxos-gold,Paxos Gold,Commodities,701631195.6639134,4,0.06855096612123011,-7297985.935309529,-1.0294379360779764,True
2026-02-24,ondo-ousg,Ondo OUSG,Treasury,615105145.2603613,5,0.060097173891816534,2423180.38287127,0.39550378855297325,True
2026-02-24,hashnote-usyc,Hashnote USYC,Treasury,518035554.1673646,6,0.050613253719023796,16746053.172375679,3.340595232722235,True
2026-02-24,centrifuge,Centrifuge,Private Credit,437512220.0452434,7,0.04274594054439961,-6010146.334063351,-1.3550943063203689,True
2026-02-24,franklin-beny,Franklin BENJI,Treasury,362670860.6243816,8,0.03543376924153778,7479774.83155638,2.1058453127731815,True
2026-02-24,maple-cash-management,Maple Cash Management,Private Credit,285996635.81314856,9,0.02794252281479805,12267269.287583172,4.481532048713324,True
2026-02-24,backed-treasuries,Backed Treasuries,Treasury,232382496.21099782,10,0.0227042992434983,-5340755.189397544,-2.246627184314484,True
2026-02-24,spiko-us-t-bills,Spiko US T-Bills,Treasury,179742988.06233126,11,0.017561299385399128,2168972.841413319,1.2214472025734864,True
2026-02-24,superstate-short-duration,Superstate Short Duration,Treasury,159664435.93815035,12,0.015599579104239644,-2889611.9969834685,-1.7776315223700552,True
2026-02-24,matrixdock-stbt,Matrixdock STBT,Treasury,132328213.7875792,13,0.012928767928643272,5919816.282323912,4.683087832102138,True
2026-02-24,realt,RealT,Real Estate,112487298.2198331,14,0.01099026528037982,-2669542.161423847,-2.3181794086965453,True
2026-02-24,openeden-tbill,OpenEden T-Bill,Treasury,97623277.48770018,15,0.009538016594844196,549630.746135056,0.5661997509976252,True
2026-02-24,goldfinch-prime,Goldfinch Prime,Private Credit,85695800.73380174,16,0.008372674945383234,821883.0225960165,0.9683575882435143,True
2026-02-24,midas-mtbill,Midas mTBILL,Treasury,71705223.09028783,17,0.007005763639295354,2662194.0917429775,3.8558477667587345,True
2026-02-24,dinari,Dinari,Equities,61753482.10702023,18,0.006033455875320141,-1598719.545783192,-2.523542203860324,True
2026-02-24,swarm-markets,Swarm Markets,Equities,41466499.14034499,19,0.004051371426046767,-57242.70014599711,-0.13785535120097994,True
2026-02-24,propchain,Propchain,Real Estate,32577649.843364734,20,0.0031829106010724285,1394184.7681001648,4.470910351800717,True
2026-02-25,tether-gold,Tether Gold,Commodities,3963084467.51484,1,0.3885611491492036,-118945972.1101036,-2.913892335428845,True
2026-02-25,blackrock-buidl,BlackRock BUIDL,Treasury,1096503561.55383,2,0.10750683903306314,26877851.844038606,2.5128277676993243,True
2026-02-25,ondo-usdy,Ondo USDY,Treasury,968773273.2432505,3,0.09498350575214512,13632509.011704087,1.4272774780659743,True
2026-02-25,paxos-gold,Paxos Gold,Commodities,718508328.1834033,4,0.07044624558489071,16877132.519489884,2.4054136452014543,True
2026-02-25,ondo-ousg,Ondo OUSG,Treasury,611421827.5254581,5,0.059946935238343754,-3683317.7349032164,-0.5988110753559286,True
2026-02-25,hashnote-usyc,Hashnote USYC,Treasury,524015735.09520054,6,0.051377193160996724,5980180.927835941,1.1543958478772467,True
2026-02-25,centrifuge,Centrifuge,Private Credit,445418999.90344936,7,0.043671165697839166,7906779.858205974,1.8072134893485556,True
2026-02-25,franklin-beny,Franklin BENJI,Treasury,360405683.27676797,8,0.035336023645678324,-2265177.3476136327,-0.6245821193668156,True
2026-02-25,maple-cash-management,Maple Cash Management,Private Credit,279809502.716209,9,0.027433960292664452,-6187133.096939564,-2.1633586980309207,True
2026-02-25,backed-treasuries,Backed Treasuries,Treasury,242964310.77174866,10,0.023821468497469356,10581814.560750842,4.5536194564081125,True
2026-02-25,spiko-us-t-bills,Spiko US T-Bills,Treasury,180930620.76728067,11,0.01773936702532573,1187632.7049494088,0.6607393800182968,True
2026-02-25,superstate-short-duration,Superstate Short Duration,Treasury,166001353.03052753,12,0.016275624963984665,6336917.092377186,3.968897052836447,True
2026-02-25,matrixdock-stbt,Matrixdock STBT,Treasury,134931475.75381145,13,0.01322937467143515,2603261.966232255,1.9672765857862782,True
2026-02-25,realt,RealT,Real Estate,112940540.81298271,14,0.011073270500172795,453242.5931496024,0.40292779746903845,True
2026-02-25,openeden-tbill,OpenEden T-Bill,Treasury,96393115.93102191,15,0.00945087600409315,-1230161.5566782653,-1.260110896024011,True
2026-02-25,goldfinch-prime,Goldfinch Prime,Private Credit,87231573.35611272,16,0.008552631331271843,1535772.6223109812,1.7921212114950378,True
2026-02-25,midas-mtbill,Midas mTBILL,Treasury,70662840.32856345,17,0.006928147675194734,-1042382.7617243826,-1.453705485877735,True
2026-02-25,dinari,Dinari,Equities,64127723.66486079,18,0.006287411283758509,2374241.5578405634,3.8447087950861576,True
2026-02-25,swarm-markets,Swarm Markets,Equities,42929805.98071894,19,0.0042090585959881615,1463306.8403739482,3.5288892737757505,True
2026-02-25,propchain,Propchain,Real Estate,32329517.59156801,20,0.003169751896480874,-248132.2517967224,-0.761664064135249,True
2026-02-26,tether-gold,Tether Gold,Commodities,4070834036.5961556,1,0.39224637405089846,107749569.08131552,2.7188310005636294,True
2026-02-26,blackrock-buidl,BlackRock BUIDL,Treasury,1132026971.9738197,2,0.10907678158646557,35523410.419989824,3.239698589729195,True
2026-02-26,ondo-usdy,Ondo USDY,Treasury,982119602.8631084,3,0.09463241430237149,13346329.619857907,1.3776525414638232,True
2026-02-26,paxos-gold,Paxos Gold,Commodities,726019202.7270341,4,0.0699557872418503,7510874.543630838,1.045342725897207,True
2026-02-26,ondo-ousg,Ondo OUSG,Treasury,595551085.2429738,5,0.05738449458970376,-15870742.282484293,-2.5957107790404286,True
2026-02-26,hashnote-usyc,Hashnote USYC,Treasury,544898139.3987914,6,0.05250381555347606,20882404.303590894,3.98507199403031,True
2026-02-26,centrifuge,Centrifuge,Private Credit,442885324.91062087,7,0.042674341733125995,-2533674.9928284883,-0.5688295724649592,True
2026-02-26,franklin-beny,Franklin BENJI,Treasury,352600877.4522664,8,0.03397495806128765,-7804805.824501574,-2.165561251293586,True
2026-02-26,maple-cash-management,Maple Cash Management,Private Credit,271823950.9548361,9,0.026191674281906146,-7985551.761372924,-2.8539244321062625,True
2026-02-26,backed-treasuries,Backed Treasuries,Treasury,251802116.85172272,10,0.024262464749364856,8837806.079974055,3.63749147020884,True
2026-02-26,spiko-us-t-bills,Spiko US T-Bills,Treasury,188834103.83193976,11,0.01819516390483036,7903483.064659089,4.368239621984621,True
2026-02-26,superstate-short-duration,Superstate Short Duration,Treasury,165513899.9186969,12,0.015948139008982332,-487453.11183062196,-0.2936440594800331,True
2026-02-26,matrixdock-stbt,Matrixdock STBT,Treasury,139173395.1139226,13,0.013410092159746957,4241919.360111147,3.143758219802413,True
2026-02-26,realt,RealT,Real Estate,116995573.8965095,14,0.011273141874209596,4055033.08352679,3.590414083673891,True
2026-02-26,openeden-tbill,OpenEden T-Bill,Treasury,100732850.49142233,15,0.0097061425245697,4339734.5604004115,4.502120839734954,True
2026-02-26,goldfinch-prime,Goldfinch Prime,Private Credit,89590765.42343841,16,0.00863254374161914,2359192.0673256963,2.7045162394292372,True
2026-02-26,midas-mtbill,Midas mTBILL,Treasury,69506044.3966831,17,0.0066972747216234325,-1156795.9318803549,-1.6370640162517678,True
2026-02-26,dinari,Dinari,Equities,62615849.02280124,18,0.006033367982215489,-1511874.6420595497,-2.35759910949091,True
2026-02-26,swarm-markets,Swarm Markets,Equities,43206672.52369702,19,0.004163191247756097,276866.5429780781,0.6449284748746061,True
2026-02-26,propchain,Propchain,Real Estate,31527452.613824494,20,0.003037836683996703,-802064.9777435176,-2.48090611148713,True
2026-02-27,tether-gold,Tether Gold,Commodities,4093818691.6301723,1,0.3912779651147812,22984655.03401661,0.5646178357404942,True
2026-02-27,blackrock-buidl,BlackRock BUIDL,Treasury,1125098114.6820457,2,0.10753434238973784,-6928857.2917740345,-0.6120752829495548,True
2026-02-27,ondo-usdy,Ondo USDY,Treasury,1020847012.5763156,3,0.09757025698060602,38727409.713207245,3.943247808139435,True
2026-02-27,paxos-gold,Paxos Gold,Commodities,734176224.1406473,4,0.07017090903530349,8157021.4136132,1.1235269512120667,True
2026-02-27,ondo-ousg,Ondo OUSG,Treasury,598966776.4887152,5,0.0572478947235791,3415691.2457413673,0.5735345515066653,True
2026-02-27,hashnote-usyc,Hashnote USYC,Treasury,548634781.819083,6,0.05243727609633853,3736642.420291543,0.6857506293587888,True
2026-02-27,centrifuge,Centrifuge,Private Credit,436633938.94075495,7,0.04173248792822309,-6251385.969865918,-1.4115134591843874,True
2026-02-27,franklin-beny,Franklin BENJI,Treasury,360619322.6405559,8,0.034467182201388606,8018445.188289523,2.274085432295904,True
2026-02-27,maple-cash-management,Maple Cash Management,Private Credit,274663751.9451802,9,0.026251742455430105,2839800.990344107,1.044720665845941,True
2026-02-27,backed-treasuries,Backed Treasuries,Treasury,251142073.46408296,10,0.024003593432371396,-660043.387639761,-0.26212781524328366,True
2026-02-27,spiko-us-t-bills,Spiko US T-Bills,Treasury,194262108.07911146,11,0.018567134520028,5428004.2471717,2.874483018174812,True
2026-02-27,superstate-short-duration,Superstate Short Duration,Treasury,173563867.34750032,12,0.016588843314440743,8049967.428803414,4.8636201749567185,True
2026-02-27,matrixdock-stbt,Matrixdock STBT,Treasury,137956825.48605046,13,0.013185602493886216,-1216569.6278721392,-0.8741395055256767,True
2026-02-27,realt,RealT,Real Estate,115250740.487202,14,0.011015406057918778,-1744833.4093074948,-1.491367024577287,True
2026-02-27,openeden-tbill,OpenEden T-Bill,Treasury,102024063.11462112,15,0.009751230040999878,1291212.6231987923,1.2818188077669286,True
2026-02-27,goldfinch-prime,Goldfinch Prime,Private Credit,90856069.59012519,16,0.008683818387031453,1265304.1666867733,1.412315388429251,True
2026-02-27,midas-mtbill,Midas mTBILL,Treasury,68846870.1899152,17,0.006580228706148342,-659174.2067679018,-0.9483696166133118,True
2026-02-27,dinari,Dinari,Equities,61305632.08658816,18,0.005859454162432321,-1310216.9362130836,-2.092468530988017,True
2026-02-27,swarm-markets,Swarm Markets,Equities,42638604.16734131,19,0.00407530170010741,-568068.3563557118,-1.314769972263313,True
2026-02-27,propchain,Propchain,Real Estate,31381052.275911417,20,0.0029993302592474526,-146400.33791307732,-0.46435828389408834,True
2026-02-28,tether-gold,Tether Gold,Commodities,3992801592.5672884,1,0.3824665304585375,-101017099.06288385,-2.467551854932259,True
2026-02-28,blackrock-buidl,BlackRock BUIDL,Treasury,1115164211.4006531,2,0.10682048104266054,-9933903.281392574,-0.8829366214163383,True
2026-02-28,ondo-usdy,Ondo USDY,Treasury,1063627138.90464,3,0.10188379564756522,42780126.32832432,4.190650097545953,True
2026-02-28,paxos-gold,Paxos Gold,Commodities,746901496.3823698,4,0.07154495841902786,12725272.241722465,1.7332721795257515,True
2026-02-28,ondo-ousg,Ondo OUSG,Treasury,622010618.6484267,5,0.059581784295439685,23043842.15971148,3.8472655019031152,True
2026-02-28,hashnote-usyc,Hashnote USYC,Treasury,553819559.8962448,6,0.05304982996598053,5184778.077161789,0.945032697338448,True
2026-02-28,centrifuge,Centrifuge,Private Credit,425855325.05639124,7,0.04079226199338524,-10778613.88436371,-2.4685698758351022,True
2026-02-28,franklin-beny,Franklin BENJI,Treasury,366687908.2654164,8,0.03512467343642715,6068585.6248604655,1.6828231999396421,True
2026-02-28,maple-cash-management,Maple Cash Management,Private Credit,271326682.8260344,9,0.025990115610671584,-3337069.119145751,-1.2149652422325437,True
2026-02-28,backed-treasuries,Backed Treasuries,Treasury,247104559.95646697,10,0.023669902326968896,-4037513.5076159835,-1.607661134562309,True
2026-02-28,spiko-us-t-bills,Spiko US T-Bills,Treasury,198958070.77929825,11,0.019057997567255767,4695962.700186789,2.4173333372221006,True
2026-02-28,superstate-short-duration,Superstate Short Duration,Treasury,181229067.0130034,12,0.01735975376480796,7665199.665503085,4.416356804355039,True
2026-02-28,matrixdock-stbt,Matrixdock STBT,Treasury,138752615.1865817,13,0.013290976296254859,795789.7005312443,0.5768396726494049,True
2026-02-28,realt,RealT,Real Estate,113645039.57426523,14,0.010885946366757744,-1605700.9129367769,-1.39322394472171,True
2026-02-28,openeden-tbill,OpenEden T-Bill,Treasury,105375192.09850079,15,0.010093785825306144,3351128.9838796705,3.2846456821806562,True
2026-02-28,goldfinch-prime,Goldfinch Prime,Private Credit,91067658.7193429,16,0.008723281300079346,211589.12921771407,0.23288386804783257,True
2026-02-28,midas-mtbill,Midas mTBILL,Treasury,69468340.5671631,17,0.006654303896014883,621470.3772478998,0.9026850102750696,True
2026-02-28,dinari,Dinari,Equities,63179271.66319849,18,0.006051880182301771,1873639.5766103342,3.056227483249831,True
2026-02-28,swarm-markets,Swarm Markets,Equities,41968357.014922075,19,0.004020107567183596,-670247.1524192318,-1.571925642285922,True
2026-02-28,propchain,Propchain,Real Estate,30667755.028768674,20,0.002937634037373684,-713297.2471427433,-2.273018893283835,True
2026-03-01,tether-gold,Tether Gold,Commodities,4091346685.752193,1,0.38541323726502746,98545093.18490458,2.4680688709488847,True
2026-03-01,blackrock-buidl,BlackRock BUIDL,Treasury,1179634520.654809,2,0.11112398784938514,64470309.254155874,5.781239085244743,True
2026-03-01,ondo-usdy,Ondo USDY,Treasury,1043823827.1964025,3,0.09833034237238508,-19803311.70823741,-1.8618659663603117,True
2026-03-01,paxos-gold,Paxos Gold,Commodities,762214725.5897139,4,0.07180218823880898,15313229.207344174,2.050234104699758,True
2026-03-01,ondo-ousg,Ondo OUSG,Treasury,624620946.0206767,5,0.05884057239825755,2610327.37225008,0.4196596157670246,True
2026-03-01,hashnote-usyc,Hashnote USYC,Treasury,549796328.6158406,6,0.05179194019078841,-4023231.28040421,-0.7264516408842515,True
2026-03-01,centrifuge,Centrifuge,Private Credit,423916701.90317094,7,0.039933821541006075,-1938623.153220296,-0.45523045953777513,True
2026-03-01,franklin-beny,Franklin BENJI,Treasury,364814457.88467115,8,0.034366269107445994,-1873450.380745232,-0.5109114149979523,True
2026-03-01,maple-cash-management,Maple Cash Management,Private Credit,280721488.6640708,9,0.026444539176465765,9394805.838036358,3.462544022645938,True
2026-03-01,backed-treasuries,Backed Treasuries,Treasury,248993925.397185,10,0.02345573773565771,1889365.440718025,0.7646016087484906,True
2026-03-01,spiko-us-t-bills,Spiko US T-Bills,Treasury,197495574.77532396,11,0.01860448763355793,-1462496.0039742887,-0.7350774955978627,True
2026-03-01,superstate-short-duration,Superstate Short Duration,Treasury,182251402.46894822,12,0.017168455380782467,1022335.4559448063,0.5641122987580423,True
2026-03-01,matrixdock-stbt,Matrixdock STBT,Treasury,145544026.3769082,13,0.01371054537271455,6791411.190326512,4.8946185130954465,True
2026-03-01,realt,RealT,Real Estate,111856910.8065723,14,0.010537150091571986,-1788128.7676929235,-1.5734331866939164,True
2026-03-01,openeden-tbill,OpenEden T-Bill,Treasury,109932133.84506331,15,0.010355832159671544,4556941.746562526,4.324491994570095,True
2026-03-01,goldfinch-prime,Goldfinch Prime,Private Credit,88681151.01238914,16,0.008353946052799455,-2386507.706953764,-2.6205875285633824,True
2026-03-01,midas-mtbill,Midas mTBILL,Treasury,72017972.38770764,17,0.006784240498579675,2549631.820544541,3.670206888099646,True
2026-03-01,dinari,Dinari,Equities,63383644.342606135,18,0.0059708691128060026,204372.6794076413,0.3234805879009318,True
2026-03-01,swarm-markets,Swarm Markets,Equities,43420511.81020901,19,0.004090301141859925,1452154.7952869385,3.4601182857137274,True
2026-03-01,propchain,Propchain,Real Estate,31013515.518031303,20,0.002921536680428256,345760.4892626293,1.1274398433738624,True
2026-03-02,tether-gold,Tether Gold,Commodities,4265943757.110746,1,0.39245782779421434,174597071.35855293,4.26747192963564,True
2026-03-02,blackrock-buidl,BlackRock BUIDL,Treasury,1235846677.2629023,2,0.11369528762230814,56212156.60809326,4.765218008107307,True
2026-03-02,ondo-usdy,Ondo USDY,Treasury,1029704370.1874857,3,0.0947306301730736,-14119457.008916855,-1.3526666704706467,True
2026-03-02,paxos-gold,Paxos Gold,Commodities,792305075.5031909,4,0.07289039579202332,30090349.913476944,3.9477523725609602,True
2026-03-02,ondo-ousg,Ondo OUSG,Treasury,631131422.8645571,5,0.058062759701701716,6510476.843880415,1.042308440880383,True
2026-03-02,hashnote-usyc,Hashnote USYC,Treasury,554263768.8107699,6,0.05099109766037694,4467440.194929361,0.812562755043586,True
2026-03-02,centrifuge,Centrifuge,Private Credit,396799194.5097093,7,0.03650468895380978,-27117507.393461645,-6.396895256006142,True
2026-03-02,franklin-beny,Franklin BENJI,Treasury,376782303.8491578,8,0.0346631772332814,11967845.964486659,3.2805295146142632,True
2026-03-02,maple-cash-management,Maple Cash Management,Private Credit,280743391.0995554,9,0.025827799828550983,21902.435484588146,0.007802194120877577,True
2026-03-02,backed-treasuries,Backed Treasuries,Treasury,260920277.09245387,10,0.02400411515142031,11926351.69526887,4.789816328347945,True
2026-03-02,spiko-us-t-bills,Spiko US T-Bills,Treasury,193229207.23264202,11,0.017776679500407226,-4266367.542681932,-2.1602345002086563,True
2026-03-02,superstate-short-duration,Superstate Short Duration,Treasury,181137888.20157522,12,0.016664303652931624,-1113514.2673729956,-0.6109770637088595,True
2026-03-02,matrixdock-stbt,Matrixdock STBT,Treasury,143449613.18266484,13,0.013197061844462432,-2094413.1942433715,-1.4390238104445265,True
2026-03-02,realt,RealT,Real Estate,111680510.65993683,14,0.010274371420741064,-176400.14663547277,-0.1577016076731382,True
2026-03-02,openeden-tbill,OpenEden T-Bill,Treasury,110561557.03264174,15,0.010171430047161372,629423.1875784248,0.5725561449262182,True
2026-03-02,goldfinch-prime,Goldfinch Prime,Private Credit,90798911.93827522,16,0.008353308382459426,2117760.9258860797,2.3880620647224338,True
2026-03-02,midas-mtbill,Midas mTBILL,Treasury,71748127.30440356,17,0.0066006763786449945,-269845.0833040774,-0.37469130879077045,True
2026-03-02,dinari,Dinari,Equities,66033006.07766437,18,0.00607489728029472,2649361.735058233,4.179882306447543,True
2026-03-02,swarm-markets,Swarm Markets,Equities,45359528.65429787,19,0.004172980962480379,1939016.8440888599,4.465670171195354,True
2026-03-02,propchain,Propchain,Real Estate,31375834.76666814,20,0.0028865106196563246,362319.24863683805,1.168262425542132,True
2026-03-03,tether-gold,Tether Gold,Commodities,4447899919.493291,1,0.39989502416286066,181956162.382545,4.265320237268691,True
2026-03-03,blackrock-buidl,BlackRock BUIDL,Treasury,1266328390.7801673,2,0.11385112785695072,30481713.51726508,2.466464010307056,True
2026-03-03,ondo-usdy,Ondo USDY,Treasury,1060696584.3112926,3,0.09536349600711108,30992214.123806953,3.0098167028429703,True
2026-03-03,paxos-gold,Paxos Gold,Commodities,802952484.5414802,4,0.072190631313468,10647409.038289309,1.3438521811219204,True
2026-03-03,ondo-ousg,Ondo OUSG,Treasury,617427915.8722192,5,0.05551077043223437,-13703506.992337942,-2.171260453193876,True
2026-03-03,hashnote-usyc,Hashnote USYC,Treasury,564588390.8723681,6,0.050760154746399264,10324622.061598182,1.8627632983751985,True
2026-03-03,centrifuge,Centrifuge,Private Credit,382440348.868828,7,0.03438386549155437,-14358845.6408813,-3.618668041557718,True
2026-03-03,franklin-beny,Franklin BENJI,Treasury,372237130.7174045,8,0.03346653006516122,-4545173.131753325,-1.20631279264457,True
2026-03-03,maple-cash-management,Maple Cash Management,Private Credit,282908983.4953088,9,0.025435350803404585,2165592.3957534432,0.7713778718963664,True
2026-03-03,backed-treasuries,Backed Treasuries,Treasury,272937852.2130716,10,0.02453888149042248,12017575.120617718,4.605841774558379,True
2026-03-03,spiko-us-t-bills,Spiko US T-Bills,Treasury,200563026.99949288,11,0.01803191573098066,7333819.766850859,3.795399190362131,True
2026-03-03,superstate-short-duration,Superstate Short Duration,Treasury,177516644.7309153,12,0.015959896629613543,-3621243.4706599116,-1.9991640106955935,True
2026-03-03,matrixdock-stbt,Matrixdock STBT,Treasury,146116188.93521985,13,0.013136792185623499,2666575.7525550127,1.858893651500801,True
2026-03-03,openeden-tbill,OpenEden T-Bill,Treasury,113285897.89387713,14,0.010185136288035964,2724340.861235395,2.4640941520306847,True
2026-03-03,realt,RealT,Real Estate,109648757.89895386,15,0.009858133834635609,-2031752.7609829754,-1.8192545404538758,True
2026-03-03,goldfinch-prime,Goldfinch Prime,Private Credit,89751651.0062553,16,0.008069254996162742,-1047260.9320199192,-1.1533848915853127,True
2026-03-03,midas-mtbill,Midas mTBILL,Treasury,73215635.75348668,17,0.006582560075244499,1467508.4490831196,2.0453613274907747,True
2026-03-03,dinari,Dinari,Equities,65216857.41244095,18,0.005863418072083096,-816148.6652234197,-1.2359707874930164,True
2026-03-03,swarm-markets,Swarm Markets,Equities,44406592.817214034,19,0.0039924404390944855,-952935.8370838389,-2.1008503953965736,True
2026-03-03,propchain,Propchain,Real Estate,32529572.798392046,20,0.00292461937895906,1153738.0317239054,3.677154855970779,True
2026-03-04,tether-gold,Tether Gold,Commodities,4454313206.946393,1,0.3968980061825939,6413287.453102112,0.14418686501904746,True
2026-03-04,blackrock-buidl,BlackRock BUIDL,Treasury,1295718231.1442301,2,0.11545393388897618,29389840.364062786,2.3208703664896997,True
2026-03-04,ondo-usdy,Ondo USDY,Treasury,1107476453.2378554,3,0.09868080122852607,46779868.926562786,4.410296933023201,True
2026-03-04,paxos-gold,Paxos Gold,Commodities,814013493.6185659,4,0.07253201955334002,11061009.077085733,1.3775421696841796,True
2026-03-04,ondo-ousg,Ondo OUSG,Treasury,610833439.9443766,5,0.05442782381030172,-6594475.927842617,-1.0680560043234888,True
2026-03-04,hashnote-usyc,Hashnote USYC,Treasury,552980867.7307286,6,0.04927291675789162,-11607523.141639471,-2.0559266413013244,True
2026-03-04,centrifuge,Centrifuge,Private Credit,391509686.5640805,7,0.03488515665133961,9069337.695252478,2.3714385059206036,True
2026-03-04,franklin-beny,Franklin BENJI,Treasury,383549356.4195996,8,0.03417585781757718,11312225.702195108,3.0389836931080203,True
2026-03-04,maple-cash-management,Maple Cash Management,Private Credit,279486194.0076364,9,0.02490339318398261,-3422789.4876723886,-1.2098553553811575,True
2026-03-04,backed-treasuries,Backed Treasuries,Treasury,271982509.9528168,10,0.024234783433833562,-955342.2602548003,-0.35002190150928686,True
2026-03-04,spiko-us-t-bills,Spiko US T-Bills,Treasury,201301888.85820693,11,0.01793684337329851,738861.8587140441,0.3683938509344059,True
2026-03-04,superstate-short-duration,Superstate Short Duration,Treasury,177110715.59460708,12,0.015781308279680203,-405929.136308223,-0.2286710279610916,True
2026-03-04,matrixdock-stbt,Matrixdock STBT,Treasury,145223423.56595677,13,0.012940016695380138,-892765.3692630827,-0.6109968893719828,True
2026-03-04,openeden-tbill,OpenEden T-Bill,Treasury,114234261.06775717,14,0.01017875222263875,948363.1738800406,0.8371414196393969,True
2026-03-04,realt,RealT,Real Estate,111883045.06001766,15,0.00996924900581935,2234287.161063805,2.037676672199788,True
2026-03-04,goldfinch-prime,Goldfinch Prime,Private Credit,88493922.83444788,16,0.007885180026742423,-1257728.1718074232,-1.401342657997194,True
2026-03-04,midas-mtbill,Midas mTBILL,Treasury,76436717.6250995,17,0.006810832425800954,3221081.871612817,4.399445334952818,True
2026-03-04,dinari,Dinari,Equities,68144056.25771941,18,0.006071921484934063,2927198.8452784643,4.488408306408312,True
2026-03-04,swarm-markets,Swarm Markets,Equities,46391888.7351907,19,0.004133712041920972,1985295.9179766625,4.470723358913207,True
2026-03-04,propchain,Propchain,Real Estate,31732421.111460775,20,0.002827491935422135,-797151.6869312711,-2.4505445917527533,True
2026-03-05,tether-gold,Tether Gold,Commodities,4614957179.916308,1,0.4021139638222168,160643972.9699154,3.6064813026482962,True
2026-03-05,blackrock-buidl,BlackRock BUIDL,Treasury,1310896963.3794694,2,0.1142220726122935,15178732.235239267,1.171453165541643,True
2026-03-05,ondo-usdy,Ondo USDY,Treasury,1091784633.134308,3,0.09513021017408074,-15691820.103547335,-1.416898757320772,True
2026-03-05,paxos-gold,Paxos Gold,Commodities,843273426.9539855,4,0.07347674248725339,29259933.335419536,3.5945268186340757,True
2026-03-05,ondo-ousg,Ondo OUSG,Treasury,633147717.9067404,5,0.05516790917160519,22314277.96236384,3.653087159798555,True
2026-03-05,hashnote-usyc,Hashnote USYC,Treasury,566116460.2130833,6,0.049327290574213624,13135592.482354641,2.37541536224558,True
2026-03-05,centrifuge,Centrifuge,Private Credit,400422598.1338785,7,0.034889926788556784,8912911.569798052,2.276549438155275,True
2026-03-05,franklin-beny,Franklin BENJI,Treasury,382189062.7325903,8,0.033301188495033184,-1360293.687009275,-0.354659358500168,True
2026-03-05,maple-cash-management,Maple Cash Management,Private Credit,283923269.99004537,9,0.024739018601063822,4437075.982408941,1.5875832429446253,True
2026-03-05,backed-treasuries,Backed Treasuries,Treasury,265070545.81795907,10,0.023096328679979437,-6911964.134857714,-2.541326696358819,True
2026-03-05,spiko-us-t-bills,Spiko US T-Bills,Treasury,210972930.78181577,11,0.0183826540850818,9671041.92360884,4.804247977236285,True
2026-03-05,superstate-short-duration,Superstate Short Duration,Treasury,183359679.34556818,12,0.015976635230265383,6248963.750961095,3.528281013365954,True
2026-03-05,matrixdock-stbt,Matrixdock STBT,Treasury,144413965.03782383,13,0.01258318758955321,-809458.5281329453,-0.5573884076388751,True
2026-03-05,openeden-tbill,OpenEden T-Bill,Treasury,119308518.4194674,14,0.01039568069411167,5074257.35171023,4.4419750294532685,True
2026-03-05,realt,RealT,Real Estate,116251879.24611355,15,0.010129347281676006,4368834.186095893,3.904822382830491,True
2026-03-05,goldfinch-prime,Goldfinch Prime,Private Credit,89510874.91341344,16,0.0077993297258025784,1016952.0789655596,1.1491773066361257,True
2026-03-05,midas-mtbill,Midas mTBILL,Treasury,77916703.46934293,17,0.006789097549240088,1479985.844243437,1.9362237027266784,True
2026-03-05,dinari,Dinari,Equities,66786070.16404784,18,0.00581925473082309,-1357986.0936715752,-1.9928166420497482,True
2026-03-05,swarm-markets,Swarm Markets,Equities,45401753.62575503,19,0.003955980175587055,-990135.1094356701,-2.13428497185673,True
2026-03-05,propchain,Propchain,Real Estate,31035186.782023367,20,0.002704181531562683,-697234.3294374086,-2.1972301671793613,True
2026-03-06,tether-gold,Tether Gold,Commodities,4724889678.176192,1,0.4053515807950282,109932498.25988388,2.382091403540986,True
2026-03-06,blackrock-buidl,BlackRock BUIDL,Treasury,1352279158.042581,2,0.11601297209553374,41382194.66311169,3.1567846916380913,True
2026-03-06,ondo-usdy,Ondo USDY,Treasury,1085014250.212435,3,0.09308412925283586,-6770382.921873093,-0.6201207377719357,True
2026-03-06,paxos-gold,Paxos Gold,Commodities,830851839.3917403,4,0.07127935876672123,-12421587.56224513,-1.4730201575441004,True
2026-03-06,ondo-ousg,Ondo OUSG,Treasury,639884339.28965,5,0.0548961237455097,6736621.382909536,1.0639888911203197,True
2026-03-06,hashnote-usyc,Hashnote USYC,Treasury,578448459.9909626,6,0.04962549681293166,12331999.777879357,2.178350329760357,True
2026-03-06,centrifuge,Centrifuge,Private Credit,415598709.43561655,7,0.0356545031356431,15176111.301738024,3.790023683094928,True
2026-03-06,franklin-beny,Franklin BENJI,Treasury,394355647.0841146,8,0.033832046000848694,12166584.351524293,3.1833941726472164,True
2026-03-06,maple-cash-management,Maple Cash Management,Private Credit,293422711.86754864,9,0.025172939094439455,9499441.877503276,3.345777849711415,True
2026-03-06,backed-treasuries,Backed Treasuries,Treasury,263679194.97559413,10,0.022621222036103558,-1391350.842364937,-0.5248983202081104,True
2026-03-06,spiko-us-t-bills,Spiko US T-Bills,Treasury,206948070.44949052,11,0.01775421929672697,-4024860.33232525,-1.9077614921545003,True
2026-03-06,superstate-short-duration,Superstate Short Duration,Treasury,178641087.913648,12,0.015325743522691525,-4718591.431920171,-2.573407331841639,True
2026-03-06,matrixdock-stbt,Matrixdock STBT,Treasury,141474171.7601907,13,0.01213716786437149,-2939793.2776331306,-2.03567104944675,True
2026-03-06,realt,RealT,Real Estate,118782471.42092675,14,0.01019043106627588,2530592.174813196,2.1768182942279592,True
2026-03-06,openeden-tbill,OpenEden T-Bill,Treasury,118550509.00955312,15,0.01017053084922539,-758009.409914285,-0.6353355317423852,True
2026-03-06,goldfinch-prime,Goldfinch Prime,Private Credit,86890464.41141796,16,0.007454393542322408,-2620410.501995474,-2.9274772529374515,True
2026-03-06,midas-mtbill,Midas mTBILL,Treasury,81051524.60253863,17,0.0069534668238366015,3134821.1331956983,4.023297949751075,True
2026-03-06,dinari,Dinari,Equities,68495280.51807784,18,0.0058762578866643315,1709210.3540299982,2.559231812609476,True
2026-03-06,swarm-markets,Swarm Markets,Equities,45918245.408992365,19,0.003939358298637299,516491.78323733807,1.137603158447933,True
2026-03-06,propchain,Propchain,Real Estate,31099631.934672177,20,0.0026680591136529846,64445.1526488103,0.2076518923550965,True
2026-03-07,tether-gold,Tether Gold,Commodities,4903465196.148798,1,0.4108310292335817,178575517.9726057,3.7794642866991945,True
2026-03-07,blackrock-buidl,BlackRock BUIDL,Treasury,1415288100.3237493,2,0.11857823878809527,63008942.28116822,4.659462649145123,True
2026-03-07,ondo-usdy,Ondo USDY,Treasury,1104206218.2463987,3,0.09251461139860469,19191968.03396368,1.7688217486734468,True
2026-03-07,paxos-gold,Paxos Gold,Commodities,839924136.360539,4,0.07037204989038047,9072296.968798637,1.091927169041401,True
2026-03-07,ondo-ousg,Ondo OUSG,Treasury,630354563.5279254,5,0.0528135112123684,-9529775.761724591,-1.4892966082438914,True
2026-03-07,hashnote-usyc,Hashnote USYC,Treasury,574234307.0343561,6,0.04811154192864352,-4214152.956606507,-0.7285269558280693,True
2026-03-07,centrifuge,Centrifuge,Private Credit,407103212.6528237,7,0.03410866095058992,-8495496.782792866,-2.0441586053839673,True
2026-03-07,franklin-beny,Franklin BENJI,Treasury,390315765.45098996,8,0.03270214455121779,-4039881.6331246495,-1.0244259624518468,True
2026-03-07,maple-cash-management,Maple Cash Management,Private Credit,291403780.58594584,9,0.024414920940951667,-2018931.2816028,-0.688062375524001,True
2026-03-07,backed-treasuries,Backed Treasuries,Treasury,273844738.2013847,10,0.02294375735221628,10165543.22579059,3.8552693650067846,True
2026-03-07,spiko-us-t-bills,Spiko US T-Bills,Treasury,215520606.95268548,11,0.018057139029957772,8572536.503194958,4.142361165569429,True
2026-03-07,superstate-short-duration,Superstate Short Duration,Treasury,186040285.2545034,12,0.015587165160271983,7399197.34085539,4.1419347739485515,True
2026-03-07,matrixdock-stbt,Matrixdock STBT,Treasury,139435741.20942482,13,0.011682458584187944,-2038430.550765872,-1.4408499625084672,True
2026-03-07,realt,RealT,Real Estate,124687049.82631193,14,0.010446756928646132,5904578.405385181,4.970917286660303,True
2026-03-07,openeden-tbill,OpenEden T-Bill,Treasury,116382163.48821416,15,0.00975094185390504,-2168345.5213389546,-1.8290478374616035,True
2026-03-07,goldfinch-prime,Goldfinch Prime,Private Credit,88328467.99352197,16,0.007400496172564846,1438003.5821040124,1.6549613261303382,True
2026-03-07,midas-mtbill,Midas mTBILL,Treasury,84596805.51444234,17,0.007087843247397413,3545280.911903709,4.374107617702562,True
2026-03-07,dinari,Dinari,Equities,70447993.1643125,18,0.005902401746802685,1952712.6462346613,2.8508718140358376,True
2026-03-07,swarm-markets,Swarm Markets,Equities,47585541.61141012,19,0.003986898296373634,1667296.2024177536,3.631010260882573,True
2026-03-07,propchain,Propchain,Real Estate,31114507.020408385,20,0.0026068921531918997,14875.085736207664,0.04783042374087976,True
2026-03-07,newfi-treasury-fund,NewFi Treasury Fund,Treasury,1200000.0,21,0.00010054058005091994,,,True
2026-03-08,tether-gold,Tether Gold,Commodities,5074328535.749828,1,0.41258427369056744,170863339.60103035,3.484542721649725,True
2026-03-08,blackrock-buidl,BlackRock BUIDL,Treasury,1478704158.266869,2,0.12023070182459238,63416057.943119764,4.480787899552978,True
2026-03-08,ondo-usdy,Ondo USDY,Treasury,1148491750.625921,3,0.09338174133448844,44285532.37952232,4.010621534974929,True
2026-03-08,paxos-gold,Paxos Gold,Commodities,876221837.9536843,4,0.07124397800752848,36297701.59314537,4.321545246982224,True
2026-03-08,ondo-ousg,Ondo OUSG,Treasury,615137159.6013826,5,0.05001566540797736,-15217403.926542759,-2.414102285763592,True
2026-03-08,hashnote-usyc,Hashnote USYC,Treasury,593214524.2237071,6,0.04823317644791935,18980217.189350963,3.3053088185160258,True
2026-03-08,centrifuge,Centrifuge,Private Credit,417379448.48154575,7,0.03393635145850518,10276235.82872206,2.52423353816311,True
2026-03-08,franklin-beny,Franklin BENJI,Treasury,387977941.1567938,8,0.03154576924461663,-2337824.2941961884,-0.5989571780414639,True
2026-03-08,maple-cash-management,Maple Cash Management,Private Credit,289921674.75951505,9,0.023572995474194645,-1482105.8264307976,-0.5086089904017801,True
2026-03-08,backed-treasuries,Backed Treasuries,Treasury,284471229.0811234,10,0.023129829810862833,10626490.879738688,3.8804802128146036,True
2026-03-08,spiko-us-t-bills,Spiko US T-Bills,Treasury,224962821.5260909,11,0.018291311189808018,9442214.573405415,4.38111914536243,True
2026-03-08,superstate-short-duration,Superstate Short Duration,Treasury,192515640.3972908,12,0.015653090868633233,6475355.142787397,3.480619874307923,True
2026-03-08,matrixdock-stbt,Matrixdock STBT,Treasury,140624116.14112133,13,0.011433886949318132,1188374.9316965044,0.8522742600920596,True
2026-03-08,realt,RealT,Real Estate,130942304.2836293,14,0.010646676723356324,6255254.457317367,5.016763542028532,True
2026-03-08,openeden-tbill,OpenEden T-Bill,Treasury,114299757.45234984,15,0.009293502003121139,-2082406.0358643234,-1.789282801977818,True
2026-03-08,goldfinch-prime,Goldfinch Prime,Private Credit,91088202.24294685,16,0.0074062133540260325,2759734.249424875,3.12439954197697,True
2026-03-08,midas-mtbill,Midas mTBILL,Treasury,84333651.5047439,17,0.00685701331883049,-263154.00969843566,-0.3110684949604983,True
2026-03-08,dinari,Dinari,Equities,72942733.33640626,18,0.005930838817900625,2494740.172093764,3.5412508717956612,True
2026-03-08,swarm-markets,Swarm Markets,Equities,49222222.22972856,19,0.00400216790556848,1636680.6183184385,3.439449385033359,True
2026-03-08,propchain,Propchain,Real Estate,30700140.469757393,20,0.002496171674473882,-414366.5506509915,-1.3317471184075114,True
2026-03-08,newfi-treasury-fund,NewFi Treasury Fund,Treasury,1410000.0,21,0.00011464449371087803,210000.0,17.5,True
2026-03-09,tether-gold,Tether Gold,Commodities,5224787006.8372,1,0.41882921365129927,150458471.08737183,2.965091243646461,True
2026-03-09,blackrock-buidl,BlackRock BUIDL,Treasury,1457669344.0843046,2,0.11684964465489407,-21034814.182564497,-1.4225167397391087,True
2026-03-09,ondo-usdy,Ondo USDY,Treasury,1135266562.761735,3,0.09100520291906446,-13225187.864186049,-1.1515265875421743,True
2026-03-09,paxos-gold,Paxos Gold,Commodities,864891993.0365539,4,0.06933144506422403,-11329844.91713047,-1.2930338444417255,True
2026-03-09,hashnote-usyc,Hashnote USYC,Treasury,619578630.0937128,5,0.04966664288854611,26364105.870005727,4.444278552435368,True
2026-03-09,ondo-ousg,Ondo OUSG,Treasury,614288052.7716191,6,0.04924253979368804,-849106.8297635317,-0.13803536601719274,True
2026-03-09,centrifuge,Centrifuge,Private Credit,431915301.59494954,7,0.03462318098216269,14535853.113403797,3.482647065227145,True
2026-03-09,franklin-beny,Franklin BENJI,Treasury,393493505.3794404,8,0.031543214148116866,5515564.222646654,1.4216179935904256,True
2026-03-09,maple-cash-management,Maple Cash Management,Private Credit,302248182.64316165,9,0.02422880942291283,12326507.883646607,4.251668280362698,True
2026-03-09,backed-treasuries,Backed Treasuries,Treasury,285602252.217719,10,0.022894438865518046,1131023.1365956068,0.39758788270045753,True
2026-03-09,spiko-us-t-bills,Spiko US T-Bills,Treasury,223823244.11049965,11,0.017942111937770774,-1139577.41559124,-0.5065625545859689,True
2026-03-09,superstate-short-duration,Superstate Short Duration,Treasury,201676733.27370432,12,0.016166804024403812,9161092.876413524,4.758622653986945,True
2026-03-09,matrixdock-stbt,Matrixdock STBT,Treasury,138111190.0506658,13,0.011071264924229265,-2512926.090455532,-1.7869808958896645,True
2026-03-09,realt,RealT,Real Estate,135932663.51647937,14,0.010896629947906253,4990359.232850075,3.8111130395572097,True
2026-03-09,openeden-tbill,OpenEden T-Bill,Treasury,112316728.8281448,15,0.009003530125423135,-1983028.624205038,-1.734936861114284,True
2026-03-09,goldfinch-prime,Goldfinch Prime,Private Credit,90169120.20452282,16,0.007228134211302695,-919082.03842403,-1.0090022810777302,True
2026-03-09,midas-mtbill,Midas mTBILL,Treasury,84889602.70847423,17,0.0068049176938763025,555951.2037303299,0.6592281892348237,True
2026-03-09,dinari,Dinari,Equities,76063226.81126009,18,0.006097378023535025,3120493.4748538285,4.278004582666725,True
2026-03-09,swarm-markets,Swarm Markets,Equities,48404768.417640574,19,0.0038802215414338987,-817453.8120879829,-1.6607413787065233,True
2026-03-09,propchain,Propchain,Real Estate,31995381.658227786,20,0.0025648127900434236,1295241.1884703934,4.219007368211657,True
2026-03-09,newfi-treasury-fund,NewFi Treasury Fund,Treasury,1620000.0,21,0.00012986238964903443,210000.0,14.893617021276595,True
2026-03-10,tether-gold,Tether Gold,Commodities,5353530354.141609,1,0.42110585777319537,128743347.30440903,2.464087954895279,True
2026-03-10,blackrock-buidl,BlackRock BUIDL,Treasury,1500620539.1972203,2,0.11803801558010278,42951195.112915754,2.9465663997960614,True
2026-03-10,ondo-usdy,Ondo USDY,Treasury,1149294744.5600343,3,0.09040291494149559,14028181.798299313,1.2356729475210915,True
2026-03-10,paxos-gold,Paxos Gold,Commodities,859292508.0537916,4,0.06759149285520251,-5599484.9827622175,-0.6474201435375713,True
2026-03-10,hashnote-usyc,Hashnote USYC,Treasury,637946816.6732042,5,0.050180558188302936,18368186.579491377,2.964625583796062,True
2026-03-10,ondo-ousg,Ondo OUSG,Treasury,616063134.8509959,6,0.04845919938478976,1775082.0793768167,0.28896575008545045,True
2026-03-10,centrifuge,Centrifuge,Private Credit,437635632.44981676,7,0.03442418669622811,5720330.85486722,1.3244103262245037,True
2026-03-10,franklin-beny,Franklin BENJI,Treasury,404494501.65747243,8,0.03181732292845528,11000996.278032005,2.795724993586335,True
2026-03-10,maple-cash-management,Maple Cash Management,Private Credit,298954943.25576913,9,0.023515637250074623,-3293239.387392521,-1.089581203960642,True
2026-03-10,backed-treasuries,Backed Treasuries,Treasury,298002570.0498078,10,0.023440724078898464,12400317.832088768,4.341813741243124,True
2026-03-10,spiko-us-t-bills,Spiko US T-Bills,Treasury,229902036.38404256,11,0.018083972225992867,6078792.273542911,2.7158896287562797,True
2026-03-10,superstate-short-duration,Superstate Short Duration,Treasury,204577631.19346625,12,0.016091967947522025,2900897.919761926,1.438389978195943,True
2026-03-10,matrixdock-stbt,Matrixdock STBT,Treasury,137771943.8579384,13,0.010837068020076652,-339246.19272738695,-0.24563266206231024,True
2026-03-10,realt,RealT,Real Estate,134590579.37779,14,0.010586823577684418,-1342084.138689369,-0.9873154133602815,True
2026-03-10,openeden-tbill,OpenEden T-Bill,Treasury,115045703.86937496,15,0.009049434038149227,2728975.041230157,2.429713783247504,True
2026-03-10,goldfinch-prime,Goldfinch Prime,Private Credit,89697085.10399683,16,0.0070555251327290335,-472035.1005259901,-0.5234997296805312,True
2026-03-10,midas-mtbill,Midas mTBILL,Treasury,88081549.05065456,17,0.006928447923765436,3191946.3421803266,3.760114596297534,True
2026-03-10,dinari,Dinari,Equities,75859119.53824449,18,0.005967038101943079,-204107.27301560342,-0.26833896164051274,True
2026-03-10,swarm-markets,Swarm Markets,Equities,47206655.324326515,19,0.003713250466129377,-1198113.093314059,-2.4751964165526723,True
2026-03-10,propchain,Propchain,Real Estate,32629460.57651949,20,0.0025666160600213987,634078.9182917029,1.9817826368345444,True
2026-03-10,newfi-treasury-fund,NewFi Treasury Fund,Treasury,1830000.0,21,0.00014394682924115225,210000.0,12.962962962962962,True
2026-03-11,tether-gold,Tether Gold,Commodities,5481916415.6099615,1,0.42561540069478543,128386061.46835232,2.3981569726046295,True
2026-03-11,blackrock-buidl,BlackRock BUIDL,Treasury,1511419529.3127384,2,0.11734644963841324,10798990.115518093,0.7196349665649103,True
2026-03-11,ondo-usdy,Ondo USDY,Treasury,1154615367.9708471,3,0.08964421294128574,5320623.410812855,0.4629468146441113,True
2026-03-11,paxos-gold,Paxos Gold,Commodities,852868583.4428525,4,0.06621662505622755,-6423924.610939145,-0.7475829884155126,True
2026-03-11,hashnote-usyc,Hashnote USYC,Treasury,635759450.5239986,5,0.04936029533572529,-2187366.1492055655,-0.3428759407582513,True
2026-03-11,ondo-ousg,Ondo OUSG,Treasury,618638296.6385728,6,0.04803101079016883,2575161.787576914,0.41800290293295267,True
2026-03-11,centrifuge,Centrifuge,Private Credit,434210757.34216136,7,0.03371207648221816,-3424875.107655406,-0.7825859810554007,True
2026-03-11,franklin-beny,Franklin BENJI,Treasury,412650574.5536653,8,0.032038146210233605,8156072.896192849,2.0163618696353613,True
2026-03-11,backed-treasuries,Backed Treasuries,Treasury,305392689.86092246,9,0.02371065558283458,7390119.811114669,2.4798845895454837,True
2026-03-11,maple-cash-management,Maple Cash Management,Private Credit,292840293.71396214,10,0.022736088896528443,-6114649.541806996,-2.045341507056347,True
2026-03-11,spiko-us-t-bills,Spiko US T-Bills,Treasury,231174193.5624022,11,0.01794833951557211,1272157.1783596277,0.553347503296812,True
2026-03-11,superstate-short-duration,Superstate Short Duration,Treasury,213110649.28050837,12,0.016545887881028027,8533018.087042123,4.1710415929943805,True
2026-03-11,realt,RealT,Real Estate,142736980.42921713,13,0.011082083803093768,8146401.051427126,6.0527275304763535,True
2026-03-11,matrixdock-stbt,Matrixdock STBT,Treasury,140954878.30005422,14,0.010943721585526409,3182934.4421158135,2.3102921777730385,True
2026-03-11,openeden-tbill,OpenEden T-Bill,Treasury,116782352.24587773,15,0.009066969263463008,1736648.3765027672,1.5095290985177423,True
2026-03-11,goldfinch-prime,Goldfinch Prime,Private Credit,90907893.37172183,16,0.007058079060371638,1210808.2677250057,1.349885858967621,True
2026-03-11,midas-mtbill,Midas mTBILL,Treasury,88863194.78187884,17,0.006899328881850492,781645.7312242836,0.8874114268525968,True
2026-03-11,dinari,Dinari,Equities,73585655.51919879,18,0.005713182377244878,-2273464.0190456957,-2.9969554522703437,True
2026-03-11,swarm-markets,Swarm Markets,Equities,46806273.43510068,19,0.0036340340334965592,-400381.8892258331,-0.8481471234830494,True
2026-03-11,propchain,Propchain,Real Estate,32702603.14240437,20,0.0025390265894209693,73142.56588488072,0.22416112492375956,True
2026-03-11,newfi-treasury-fund,NewFi Treasury Fund,Treasury,2040000.0,21,0.00015838538051127023,210000.0,11.475409836065573,True
2026-03-12,tether-gold,Tether Gold,Commodities,5499250152.80155,1,0.4225883828108386,17333737.1915884,0.31619849478605583,True
2026-03-12,blackrock-buidl,BlackRock BUIDL,Treasury,1540875530.0225618,2,0.11840816115871758,29456000.70982337,1.9488963943199402,True
2026-03-12,ondo-usdy,Ondo USDY,Treasury,1202634160.7152522,3,0.09241609509813266,48018792.74440503,4.158856193711901,True
2026-03-12,paxos-gold,Paxos Gold,Commodities,840951966.7751664,4,0.06462272524192554,-11916616.667686105,-1.397239492581754,True
2026-03-12,hashnote-usyc,Hashnote USYC,Treasury,651309920.2475009,5,0.05004973373794077,15550469.723502278,2.445967529178755,True
2026-03-12,ondo-ousg,Ondo OUSG,Treasury,639487556.0524919,6,0.04914124737573656,20849259.41391909,3.3701857009508513,True
2026-03-12,centrifuge,Centrifuge,Private Credit,426710571.846217,7,0.032790457875955484,-7500185.495944381,-1.727314528514589,True
2026-03-12,franklin-beny,Franklin BENJI,Treasury,425168478.4171715,8,0.032671956125677484,12517903.863506198,3.0335360315554927,True
2026-03-12,backed-treasuries,Backed Treasuries,Treasury,305129783.14424264,9,0.023447615224533425,-262906.7166798115,-0.08608808442649386,True
2026-03-12,maple-cash-management,Maple Cash Management,Private Credit,285917451.1435596,10,0.021971248795547196,-6922842.570402563,-2.364033474561596,True
2026-03-12,spiko-us-t-bills,Spiko US T-Bills,Treasury,234100604.73319995,11,0.01798939732153194,2926411.1707977653,1.2658900743641277,True
2026-03-12,superstate-short-duration,Superstate Short Duration,Treasury,220650879.092751,12,0.016955856811513265,7540229.812242627,3.538175984024969,True
2026-03-12,realt,RealT,Real Estate,148085415.61559704,13,0.011379583500304234,5348435.1863799095,3.7470564182434725,True
2026-03-12,matrixdock-stbt,Matrixdock STBT,Treasury,146273151.96421266,14,0.011240320592746694,5318273.664158434,3.773032709685499,True
2026-03-12,openeden-tbill,OpenEden T-Bill,Treasury,115713565.99137819,15,0.008891977517454892,-1068786.2544995397,-0.9151950050203467,True
2026-03-12,goldfinch-prime,Goldfinch Prime,Private Credit,91420179.87936564,16,0.007025158866762181,512286.50764380395,0.5635225816410325,True
2026-03-12,midas-mtbill,Midas mTBILL,Treasury,87038132.90122357,17,0.006688421658153696,-1825061.8806552738,-2.0537882811157315,True
2026-03-12,dinari,Dinari,Equities,72477068.85111126,18,0.005569480650204234,-1108586.6680875272,-1.5065255045506696,True
2026-03-12,swarm-markets,Swarm Markets,Equities,45487829.83530018,19,0.0034954999160897054,-1318443.5998005047,-2.8168095920487985,True
2026-03-12,propchain,Propchain,Real Estate,32322049.189485062,20,0.002483779081982375,-380553.9529193081,-1.163680919412365,True
2026-03-12,newfi-treasury-fund,NewFi Treasury Fund,Treasury,2250000.0,21,0.00017290063825156182,210000.0,10.294117647058822,True
